{
  "tfidf": {
    "similarity_matrix": [
      [
        1.0000000000000002,
        0.0,
        0.0,
        0.0,
        0.0
      ],
      [
        0.0,
        1.0000000000000002,
        0.0,
        0.0,
        0.0
      ],
      [
        0.0,
        0.0,
        1.0000000000000002,
        0.0,
        0.0
      ],
      [
        0.0,
        0.0,
        0.0,
        1.0,
        0.0
      ],
      [
        0.0,
        0.0,
        0.0,
        0.0,
        1.0000000000000002
      ]
    ],
    "execution_time": 0.0013151168823242188,
    "dimensions": 9
  },
  "word2vec": {
    "similarity_matrix": [
      [
        1.000000238418579,
        0.2252492606639862,
        0.0037941320333629847,
        0.4025796353816986,
        0.04606609791517258
      ],
      [
        0.2252492606639862,
        1.0,
        -0.0320877730846405,
        0.5804609656333923,
        -0.17058196663856506
      ],
      [
        0.0037941320333629847,
        -0.0320877730846405,
        0.9999999403953552,
        0.11037570238113403,
        0.35854876041412354
      ],
      [
        0.4025796353816986,
        0.5804609656333923,
        0.11037570238113403,
        1.0000001192092896,
        -0.031449999660253525
      ],
      [
        0.04606609791517258,
        -0.17058196663856506,
        0.35854876041412354,
        -0.031449999660253525,
        1.0
      ]
    ],
    "execution_time": 0.47520875930786133,
    "dimensions": 100
  },
  "comparison": {
    "average_difference": 0.19611942938063293,
    "max_difference": 0.5804609656333923
  }
}